toehold,restart,opening_bid,p_rival_deterred,p_open_wait,expected_price_given_sale,p_win0,p_win1,p_no_sale,value0,value1,nashconv,converged,iterations
0.0,0,0.000135,0.000035,0.000002,1.656363,0.583292,0.416708,0.000000,0.183974,0.159663,0.00010000,1,41513
0.0,1,1.124816,0.333255,0.000001,1.749820,0.584465,0.415535,0.000000,0.184214,0.065966,0.00010000,1,51269
0.0,2,1.124925,0.333275,0.000002,1.749755,0.584915,0.415085,0.000000,0.184308,0.065938,0.00010000,1,47450
0.0,3,1.124905,0.333279,0.000001,1.749699,0.585164,0.414836,0.000000,0.184360,0.065941,0.00010000,1,48535
0.0,4,0.000095,0.000032,0.000071,1.656327,0.583315,0.416685,0.000000,0.183985,0.159688,0.00010000,1,44150
0.0,5,1.124855,0.333283,0.000000,1.749718,0.585052,0.414948,0.000000,0.184331,0.065951,0.00010000,1,103416
0.05,0,1.122358,0.332547,0.000001,1.749865,0.583451,0.416549,0.000000,0.271526,0.066102,0.00010000,1,85757
0.05,1,1.093939,0.319527,0.000000,1.746484,0.583164,0.416836,0.000000,0.271146,0.069694,0.00034161,0,300000
0.05,2,1.124679,0.333206,0.001121,1.749843,0.583702,0.416298,0.000000,0.271531,0.066119,0.00010000,1,126179
0.05,3,1.124904,0.250626,0.331570,1.750018,0.583525,0.416475,0.000000,0.271560,0.065923,0.00010000,1,91103
0.05,4,0.008701,0.002449,0.999113,1.749882,0.585623,0.414376,0.000000,0.271944,0.065667,0.00050177,0,300000
0.05,5,1.124310,0.333121,0.000000,1.750010,0.583185,0.416815,0.000000,0.271433,0.066057,0.00010000,1,113050
0.1,0,1.123223,0.332717,0.000000,1.749881,0.582751,0.417249,0.000000,0.358871,0.066235,0.00017199,0,300000
0.1,1,0.863683,0.241762,0.997762,1.749870,0.583860,0.416139,0.000000,0.359092,0.066024,0.00010000,1,115710
0.1,2,1.124575,0.333130,0.000031,1.749987,0.583145,0.416855,0.000000,0.358943,0.066069,0.00010000,1,88663
0.1,3,0.753968,0.168437,0.000082,1.750016,0.583554,0.416446,0.000000,0.359049,0.065936,0.00010000,1,57661
0.1,4,1.121192,0.497609,0.724382,1.765370,0.583424,0.416575,0.000000,0.345085,0.066082,0.01414379,0,300000
0.1,5,1.122829,0.332156,0.000001,1.749959,0.583461,0.416539,0.000000,0.359006,0.066030,0.00010000,1,60043
0.15,0,1.124819,0.333261,0.000601,1.753421,0.642837,0.357163,0.000000,0.455537,0.054055,0.00009996,1,55614
0.15,1,1.124725,0.333185,0.000116,1.753736,0.641544,0.358456,0.000000,0.455311,0.054013,0.00009991,1,55179
0.15,2,1.124782,0.333230,0.007058,1.638652,0.922279,0.077721,0.000000,0.592549,0.014597,0.00132073,0,300000
0.15,3,0.861022,0.216041,0.000087,1.753578,0.642363,0.357637,0.000000,0.455455,0.054004,0.00009997,1,65548
0.15,4,1.124813,0.333405,0.005723,1.751868,0.644019,0.355981,0.000000,0.456733,0.054179,0.00023149,0,300000
0.15,5,1.124326,0.333106,0.000008,1.753834,0.641530,0.358470,0.000000,0.455301,0.053940,0.00009994,1,85876
0.2,0,1.124921,0.333300,0.000110,1.665547,0.902328,0.097672,0.000000,0.656409,0.011153,0.00009982,1,173939
0.2,1,1.124924,0.333299,0.000145,1.665450,0.902385,0.097615,0.000000,0.656459,0.011181,0.00009995,1,255070
0.2,2,1.124938,0.333287,0.000192,1.664544,0.903410,0.096590,0.000000,0.657176,0.011189,0.00010000,1,261033
0.2,3,1.100387,0.270084,0.993910,1.655184,0.926872,0.073128,0.000000,0.667482,0.008371,0.00503207,0,300000
0.2,4,1.105812,0.290249,0.988573,1.664935,0.902379,0.097620,0.000000,0.656668,0.011383,0.00065487,0,300000
0.2,5,1.124827,0.333270,0.000002,1.663807,0.904074,0.095926,0.000000,0.657730,0.011225,0.00009999,1,292443
0.25,0,1.124587,0.333209,0.000100,1.685454,0.885335,0.114665,0.000000,0.724955,0.010954,0.00028302,0,300000
0.25,1,1.124758,0.308446,0.548261,1.723607,0.789274,0.210726,0.000000,0.685504,0.021791,0.02837663,0,300000
0.25,2,1.124828,0.283401,0.285532,1.699120,0.842050,0.157950,0.000000,0.710413,0.015247,0.01182315,0,300000
0.25,3,1.047026,0.298352,0.669176,1.687498,0.895712,0.104288,0.000000,0.725639,0.008737,0.01350863,0,300000
0.25,4,1.119919,0.330297,0.743056,1.676319,0.894376,0.105623,0.000000,0.731547,0.011213,0.00088814,0,300000
0.25,5,0.918421,0.249270,0.000002,1.680626,0.873595,0.126405,0.000000,0.725185,0.014345,0.00355485,0,300000
0.3,0,0.025068,0.005835,0.002478,1.689882,0.890570,0.109430,0.000000,0.807117,0.009965,0.00162132,0,300000
0.3,1,1.083529,0.309123,0.000353,1.696719,0.883852,0.116148,0.000000,0.802542,0.009755,0.00144392,0,300000
0.3,2,1.106830,0.309623,0.218711,1.707770,0.876763,0.123237,0.000000,0.794220,0.010341,0.00948522,0,300000
0.3,3,1.124187,0.300897,0.540864,1.708447,0.831257,0.168743,0.000000,0.786275,0.017812,0.02526607,0,300000
0.3,4,1.117774,0.327238,0.949304,1.698307,0.877067,0.122933,0.000000,0.800253,0.010932,0.00260145,0,300000
0.3,5,0.987787,0.277075,0.000000,1.700423,0.871432,0.128568,0.000000,0.797994,0.011709,0.00163564,0,300000
0.4,0,0.851098,0.208768,0.093127,1.713923,0.907785,0.092215,0.000000,0.965747,0.005899,0.01144435,0,300000
0.4,1,1.031570,0.278514,0.014715,1.701054,0.913817,0.086183,0.000000,0.971446,0.007921,0.00305712,0,300000
0.4,2,1.122076,0.362402,0.397400,1.698242,0.853895,0.146105,0.000000,0.970759,0.010296,0.00167557,0,300000
0.4,3,0.008667,0.002634,0.030991,1.632763,0.869876,0.130124,0.000000,1.014209,0.006133,0.01281353,0,300000
0.4,4,1.019108,0.301795,0.462360,1.715374,0.875123,0.124877,0.000000,0.960515,0.010260,0.00446458,0,300000
0.4,5,1.001536,0.283973,0.000002,1.721018,0.870854,0.129146,0.000000,0.957068,0.010321,0.00276115,0,300000
0.5,0,0.548866,0.090095,0.038557,1.675568,0.818289,0.181711,0.000000,1.141648,0.020568,0.00014195,0,300000
0.5,1,1.100034,0.248029,0.837110,1.711193,0.894366,0.105634,0.000000,1.131750,0.012653,0.00144948,0,300000
0.5,2,0.802144,0.145235,0.405882,1.675371,0.817227,0.182773,0.000000,1.141570,0.020744,0.00028154,0,300000
0.5,3,0.653424,0.141617,0.480199,1.710520,0.901905,0.098095,0.000000,1.131430,0.013309,0.01565875,0,300000
0.5,4,0.476895,0.105477,0.353169,1.733289,0.900109,0.099891,0.000000,1.122524,0.010832,0.02865214,0,300000
0.5,5,0.394372,0.009134,0.001389,1.703943,0.900801,0.099199,0.000000,1.134313,0.013715,0.00029214,0,300000
