toehold,rival,opening_bid,own_profit
0.0,eqm-restart-0,0.0000,0.184028
0.0,eqm-restart-0,0.3750,0.065972
0.0,eqm-restart-0,0.7500,0.065972
0.0,eqm-restart-0,1.1250,0.184026
0.0,eqm-restart-0,1.5000,0.010417
0.0,eqm-restart-0,1.8750,-0.083333
0.0,eqm-restart-0,2.2500,-0.250000
0.0,eqm-restart-0,2.6250,-0.625000
0.0,eqm-restart-0,3.0000,-1.000000
0.0,eqm-restart-1,0.0000,0.065973
0.0,eqm-restart-1,0.3750,0.065973
0.0,eqm-restart-1,0.7500,0.062500
0.0,eqm-restart-1,1.1250,0.184034
0.0,eqm-restart-1,1.5000,0.010417
0.0,eqm-restart-1,1.8750,-0.048611
0.0,eqm-restart-1,2.2500,-0.333333
0.0,eqm-restart-1,2.6250,-0.625000
0.0,eqm-restart-1,3.0000,-1.000000
0.0,eqm-restart-2,0.0000,0.062501
0.0,eqm-restart-2,0.3750,0.065973
0.0,eqm-restart-2,0.7500,0.062500
0.0,eqm-restart-2,1.1250,0.184035
0.0,eqm-restart-2,1.5000,0.010417
0.0,eqm-restart-2,1.8750,-0.083331
0.0,eqm-restart-2,2.2500,-0.250000
0.0,eqm-restart-2,2.6250,-0.625000
0.0,eqm-restart-2,3.0000,-1.000000
0.0,eqm-restart-3,0.0000,0.065975
0.0,eqm-restart-3,0.3750,0.065973
0.0,eqm-restart-3,0.7500,0.010427
0.0,eqm-restart-3,1.1250,0.184037
0.0,eqm-restart-3,1.5000,0.010417
0.0,eqm-restart-3,1.8750,-0.083333
0.0,eqm-restart-3,2.2500,-0.250000
0.0,eqm-restart-3,2.6250,-0.625000
0.0,eqm-restart-3,3.0000,-1.000000
0.0,eqm-restart-4,0.0000,0.184028
0.0,eqm-restart-4,0.3750,0.010425
0.0,eqm-restart-4,0.7500,0.065972
0.0,eqm-restart-4,1.1250,0.072904
0.0,eqm-restart-4,1.5000,0.010417
0.0,eqm-restart-4,1.8750,-0.083332
0.0,eqm-restart-4,2.2500,-0.250000
0.0,eqm-restart-4,2.6250,-0.625000
0.0,eqm-restart-4,3.0000,-1.000000
0.0,eqm-restart-5,0.0000,0.065973
0.0,eqm-restart-5,0.3750,0.065973
0.0,eqm-restart-5,0.7500,0.065972
0.0,eqm-restart-5,1.1250,0.184046
0.0,eqm-restart-5,1.5000,0.010417
0.0,eqm-restart-5,1.8750,-0.083333
0.0,eqm-restart-5,2.2500,-0.250000
0.0,eqm-restart-5,2.6250,-0.625000
0.0,eqm-restart-5,3.0000,-1.000000
0.0,uniform-rival,0.0000,0.284719
0.0,uniform-rival,0.3750,0.247714
0.0,uniform-rival,0.7500,0.206548
0.0,uniform-rival,1.1250,0.160880
0.0,uniform-rival,1.5000,0.105556
0.0,uniform-rival,1.8750,0.031250
0.0,uniform-rival,2.2500,-0.083333
0.0,uniform-rival,2.6250,-0.312500
0.0,uniform-rival,3.0000,-1.000000
0.05,eqm-restart-0,0.0000,0.266840
0.05,eqm-restart-0,0.3750,0.153473
0.05,eqm-restart-0,0.7500,0.153472
0.05,eqm-restart-0,1.1250,0.271529
0.05,eqm-restart-0,1.5000,0.107292
0.05,eqm-restart-0,1.8750,0.022917
0.05,eqm-restart-0,2.2500,-0.137500
0.05,eqm-restart-0,2.6250,-0.493750
0.05,eqm-restart-0,3.0000,-0.850000
0.05,eqm-restart-1,0.0000,0.153473
0.05,eqm-restart-1,0.3750,0.266840
0.05,eqm-restart-1,0.7500,0.148895
0.05,eqm-restart-1,1.1250,0.271500
0.05,eqm-restart-1,1.5000,0.107292
0.05,eqm-restart-1,1.8750,0.054514
0.05,eqm-restart-1,2.2500,-0.214583
0.05,eqm-restart-1,2.6250,-0.493750
0.05,eqm-restart-1,3.0000,-0.850000
0.05,eqm-restart-2,0.0000,0.153473
0.05,eqm-restart-2,0.3750,0.153479
0.05,eqm-restart-2,0.7500,0.148894
0.05,eqm-restart-2,1.1250,0.271533
0.05,eqm-restart-2,1.5000,0.107292
0.05,eqm-restart-2,1.8750,0.022919
0.05,eqm-restart-2,2.2500,-0.137500
0.05,eqm-restart-2,2.6250,-0.493750
0.05,eqm-restart-2,3.0000,-0.850000
0.05,eqm-restart-3,0.0000,0.153475
0.05,eqm-restart-3,0.3750,0.153473
0.05,eqm-restart-3,0.7500,0.153472
0.05,eqm-restart-3,1.1250,0.271530
0.05,eqm-restart-3,1.5000,0.107292
0.05,eqm-restart-3,1.8750,0.022917
0.05,eqm-restart-3,2.2500,-0.137500
0.05,eqm-restart-3,2.6250,-0.493750
0.05,eqm-restart-3,3.0000,-0.850000
0.05,eqm-restart-4,0.0000,0.148953
0.05,eqm-restart-4,0.3750,0.153533
0.05,eqm-restart-4,0.7500,0.153473
0.05,eqm-restart-4,1.1250,0.155327
0.05,eqm-restart-4,1.5000,0.107292
0.05,eqm-restart-4,1.8750,0.022918
0.05,eqm-restart-4,2.2500,-0.137500
0.05,eqm-restart-4,2.6250,-0.493750
0.05,eqm-restart-4,3.0000,-0.850000
0.05,eqm-restart-5,0.0000,0.153479
0.05,eqm-restart-5,0.3750,0.148906
0.05,eqm-restart-5,0.7500,0.153472
0.05,eqm-restart-5,1.1250,0.271528
0.05,eqm-restart-5,1.5000,0.107292
0.05,eqm-restart-5,1.8750,0.022917
0.05,eqm-restart-5,2.2500,-0.137500
0.05,eqm-restart-5,2.6250,-0.493750
0.05,eqm-restart-5,3.0000,-0.850000
0.05,uniform-rival,0.0000,0.389130
0.05,uniform-rival,0.3750,0.354016
0.05,uniform-rival,0.7500,0.314940
0.05,uniform-rival,1.1250,0.271296
0.05,uniform-rival,1.5000,0.220556
0.05,uniform-rival,1.8750,0.153125
0.05,uniform-rival,2.2500,0.047917
0.05,uniform-rival,2.6250,-0.171875
0.05,uniform-rival,3.0000,-0.850000
0.1,eqm-restart-0,0.0000,0.241098
0.1,eqm-restart-0,0.3750,0.240973
0.1,eqm-restart-0,0.7500,0.240972
0.1,eqm-restart-0,1.1250,0.359027
0.1,eqm-restart-0,1.5000,0.204167
0.1,eqm-restart-0,1.8750,0.129167
0.1,eqm-restart-0,2.2500,-0.025000
0.1,eqm-restart-0,2.6250,-0.362500
0.1,eqm-restart-0,3.0000,-0.700000
0.1,eqm-restart-1,0.0000,0.235570
0.1,eqm-restart-1,0.3750,0.349656
0.1,eqm-restart-1,0.7500,0.235566
0.1,eqm-restart-1,1.1250,0.359031
0.1,eqm-restart-1,1.5000,0.204168
0.1,eqm-restart-1,1.8750,0.157639
0.1,eqm-restart-1,2.2500,-0.095833
0.1,eqm-restart-1,2.6250,-0.362500
0.1,eqm-restart-1,3.0000,-0.700000
0.1,eqm-restart-2,0.0000,0.240973
0.1,eqm-restart-2,0.3750,0.240981
0.1,eqm-restart-2,0.7500,0.235570
0.1,eqm-restart-2,1.1250,0.359028
0.1,eqm-restart-2,1.5000,0.204167
0.1,eqm-restart-2,1.8750,0.129168
0.1,eqm-restart-2,2.2500,-0.025000
0.1,eqm-restart-2,2.6250,-0.362500
0.1,eqm-restart-2,3.0000,-0.700000
0.1,eqm-restart-3,0.0000,0.349652
0.1,eqm-restart-3,0.3750,0.240973
0.1,eqm-restart-3,0.7500,0.240972
0.1,eqm-restart-3,1.1250,0.359029
0.1,eqm-restart-3,1.5000,0.204167
0.1,eqm-restart-3,1.8750,0.129167
0.1,eqm-restart-3,2.2500,-0.025000
0.1,eqm-restart-3,2.6250,-0.362500
0.1,eqm-restart-3,3.0000,-0.700000
0.1,eqm-restart-5,0.0000,0.349653
0.1,eqm-restart-5,0.3750,0.349653
0.1,eqm-restart-5,0.7500,0.240972
0.1,eqm-restart-5,1.1250,0.359028
0.1,eqm-restart-5,1.5000,0.204167
0.1,eqm-restart-5,1.8750,0.129167
0.1,eqm-restart-5,2.2500,-0.025000
0.1,eqm-restart-5,2.6250,-0.362500
0.1,eqm-restart-5,3.0000,-0.700000
0.1,uniform-rival,0.0000,0.493541
0.1,uniform-rival,0.3750,0.460318
0.1,uniform-rival,0.7500,0.423333
0.1,uniform-rival,1.1250,0.381713
0.1,uniform-rival,1.5000,0.335556
0.1,uniform-rival,1.8750,0.275000
0.1,uniform-rival,2.2500,0.179167
0.1,uniform-rival,2.6250,-0.031250
0.1,uniform-rival,3.0000,-0.700000
0.15,eqm-restart-0,0.0000,0.347323
0.15,eqm-restart-0,0.3750,0.347314
0.15,eqm-restart-0,0.7500,0.347325
0.15,eqm-restart-0,1.1250,0.455421
0.15,eqm-restart-0,1.5000,0.301042
0.15,eqm-restart-0,1.8750,0.235417
0.15,eqm-restart-0,2.2500,0.087500
0.15,eqm-restart-0,2.6250,-0.231250
0.15,eqm-restart-0,3.0000,-0.550000
0.15,eqm-restart-1,0.0000,0.347321
0.15,eqm-restart-1,0.3750,0.432466
0.15,eqm-restart-1,0.7500,0.323959
0.15,eqm-restart-1,1.1250,0.455422
0.15,eqm-restart-1,1.5000,0.301043
0.15,eqm-restart-1,1.8750,0.260764
0.15,eqm-restart-1,2.2500,0.022917
0.15,eqm-restart-1,2.6250,-0.231250
0.15,eqm-restart-1,3.0000,-0.550000
0.15,eqm-restart-3,0.0000,0.432496
0.15,eqm-restart-3,0.3750,0.347313
0.15,eqm-restart-3,0.7500,0.347360
0.15,eqm-restart-3,1.1250,0.455445
0.15,eqm-restart-3,1.5000,0.301042
0.15,eqm-restart-3,1.8750,0.235417
0.15,eqm-restart-3,2.2500,0.087500
0.15,eqm-restart-3,2.6250,-0.231250
0.15,eqm-restart-3,3.0000,-0.550000
0.15,eqm-restart-4,0.0000,0.432465
0.15,eqm-restart-4,0.3750,0.323960
0.15,eqm-restart-4,0.7500,0.323967
0.15,eqm-restart-4,1.1250,0.455676
0.15,eqm-restart-4,1.5000,0.301042
0.15,eqm-restart-4,1.8750,0.235417
0.15,eqm-restart-4,2.2500,0.087500
0.15,eqm-restart-4,2.6250,-0.231250
0.15,eqm-restart-4,3.0000,-0.550000
0.15,eqm-restart-5,0.0000,0.432466
0.15,eqm-restart-5,0.3750,0.324022
0.15,eqm-restart-5,0.7500,0.347298
0.15,eqm-restart-5,1.1250,0.455420
0.15,eqm-restart-5,1.5000,0.297291
0.15,eqm-restart-5,1.8750,0.235417
0.15,eqm-restart-5,2.2500,0.087500
0.15,eqm-restart-5,2.6250,-0.231250
0.15,eqm-restart-5,3.0000,-0.550000
0.15,uniform-rival,0.0000,0.603282
0.15,uniform-rival,0.3750,0.572033
0.15,uniform-rival,0.7500,0.537135
0.15,uniform-rival,1.1250,0.497873
0.15,uniform-rival,1.5000,0.453958
0.15,uniform-rival,1.8750,0.398698
0.15,uniform-rival,2.2500,0.310417
0.15,uniform-rival,2.6250,0.109375
0.15,uniform-rival,3.0000,-0.550000
0.2,eqm-restart-0,0.0000,0.443054
0.2,eqm-restart-0,0.3750,0.414597
0.2,eqm-restart-0,0.7500,0.414585
0.2,eqm-restart-0,1.1250,0.656285
0.2,eqm-restart-0,1.5000,0.397917
0.2,eqm-restart-0,1.8750,0.341667
0.2,eqm-restart-0,2.2500,0.200000
0.2,eqm-restart-0,2.6250,-0.100000
0.2,eqm-restart-0,3.0000,-0.400000
0.2,eqm-restart-1,0.0000,0.414589
0.2,eqm-restart-1,0.3750,0.520303
0.2,eqm-restart-1,0.7500,0.414584
0.2,eqm-restart-1,1.1250,0.656811
0.2,eqm-restart-1,1.5000,0.397918
0.2,eqm-restart-1,1.8750,0.363889
0.2,eqm-restart-1,2.2500,0.141667
0.2,eqm-restart-1,2.6250,-0.100000
0.2,eqm-restart-1,3.0000,-0.400000
0.2,eqm-restart-2,0.0000,0.443056
0.2,eqm-restart-2,0.3750,0.516667
0.2,eqm-restart-2,0.7500,0.414596
0.2,eqm-restart-2,1.1250,0.656419
0.2,eqm-restart-2,1.5000,0.397917
0.2,eqm-restart-2,1.8750,0.341669
0.2,eqm-restart-2,2.2500,0.200000
0.2,eqm-restart-2,2.6250,-0.100000
0.2,eqm-restart-2,3.0000,-0.400000
0.2,eqm-restart-5,0.0000,0.527517
0.2,eqm-restart-5,0.3750,0.414585
0.2,eqm-restart-5,0.7500,0.443056
0.2,eqm-restart-5,1.1250,0.656309
0.2,eqm-restart-5,1.5000,0.395214
0.2,eqm-restart-5,1.8750,0.341667
0.2,eqm-restart-5,2.2500,0.200000
0.2,eqm-restart-5,2.6250,-0.100000
0.2,eqm-restart-5,3.0000,-0.400000
0.2,uniform-rival,0.0000,0.713897
0.2,uniform-rival,0.3750,0.684644
0.2,uniform-rival,0.7500,0.651845
0.2,uniform-rival,1.1250,0.614931
0.2,uniform-rival,1.5000,0.573333
0.2,uniform-rival,1.8750,0.522917
0.2,uniform-rival,2.2500,0.441667
0.2,uniform-rival,2.6250,0.250000
0.2,uniform-rival,3.0000,-0.400000
